ASN,prefix,size,Country,City,Latitude,Longitude,full_prefix
47524,24.133.0.0,22,Türkiye,Edirne,41.6767,26.5944,24.133.0.0/22
47524,24.133.4.0,22,Türkiye,Avcılar,40.9878,28.7205,24.133.4.0/22
47524,24.133.8.0,22,Türkiye,Istanbul,41.0145,28.9533,24.133.8.0/22
47524,24.133.12.0,24,Türkiye,Istanbul,41.0145,28.9533,24.133.12.0/24
47524,24.133.13.0,24,Türkiye,Istanbul,41.0145,28.9533,24.133.13.0/24
47524,24.133.14.0,23,Türkiye,Istanbul,41.0145,28.9533,24.133.14.0/23
47524,24.133.16.0,23,Türkiye,Yalova,40.612,29.3385,24.133.16.0/23
47524,24.133.18.0,24,Türkiye,Yalova,40.612,29.3385,24.133.18.0/24
47524,24.133.19.0,24,Türkiye,Yalova,40.612,29.3385,24.133.19.0/24
47524,24.133.20.0,22,Türkiye,Yalova,40.612,29.3385,24.133.20.0/22
47524,24.133.24.0,22,Türkiye,Istanbul,41.0197,28.9757,24.133.24.0/22
47524,24.133.28.0,22,Türkiye,Istanbul,41.0256,28.8859,24.133.28.0/22
47524,24.133.32.0,22,Türkiye,Istanbul,41.0247,28.9252,24.133.32.0/22
47524,24.133.36.0,22,Türkiye,Istanbul,41.0247,28.9252,24.133.36.0/22
47524,24.133.40.0,24,Türkiye,Istanbul,41.0247,28.9252,24.133.40.0/24
47524,24.133.41.0,24,Türkiye,Istanbul,41.0247,28.9252,24.133.41.0/24
47524,24.133.42.0,23,Türkiye,Istanbul,41.0247,28.9252,24.133.42.0/23
47524,24.133.44.0,22,Türkiye,Istanbul,41.0247,28.9252,24.133.44.0/22
47524,24.133.48.0,22,Türkiye,Antalya,36.8752,30.7072,24.133.48.0/22
47524,24.133.52.0,24,Türkiye,Antalya,36.8752,30.7072,24.133.52.0/24
47524,24.133.53.0,24,Türkiye,Antalya,36.8752,30.7072,24.133.53.0/24
47524,24.133.54.0,23,Türkiye,Antalya,36.8752,30.7072,24.133.54.0/23
47524,24.133.56.0,24,Türkiye,Antalya,36.8752,30.7072,24.133.56.0/24
47524,24.133.57.0,24,Türkiye,Antalya,36.8752,30.7072,24.133.57.0/24
47524,24.133.58.0,23,Türkiye,Antalya,36.8752,30.7072,24.133.58.0/23
47524,24.133.60.0,22,Türkiye,Antalya,36.8752,30.7072,24.133.60.0/22
47524,24.133.64.0,22,Türkiye,Ankara,39.9254,32.841,24.133.64.0/22
47524,24.133.68.0,22,Türkiye,Ankara,39.9107,32.8554,24.133.68.0/22
47524,24.133.72.0,22,Türkiye,Eskişehir,39.7302,30.5345,24.133.72.0/22
47524,24.133.76.0,24,Türkiye,Eskişehir,39.7302,30.5345,24.133.76.0/24
47524,24.133.77.0,24,Türkiye,Eskişehir,39.7302,30.5345,24.133.77.0/24
47524,24.133.78.0,23,Türkiye,Eskişehir,39.7302,30.5345,24.133.78.0/23
47524,24.133.80.0,22,Türkiye,Izmir,38.5463,27.1336,24.133.80.0/22
47524,24.133.84.0,22,Türkiye,Konak,38.381,27.0928,24.133.84.0/22
47524,24.133.88.0,22,Türkiye,Eskişehir,39.7302,30.5345,24.133.88.0/22
47524,24.133.92.0,24,Türkiye,Balıkesir,39.6424,27.8106,24.133.92.0/24
47524,24.133.93.0,24,Türkiye,Balıkesir,39.6424,27.8106,24.133.93.0/24
47524,24.133.94.0,24,Türkiye,Balıkesir,39.6424,27.8106,24.133.94.0/24
47524,24.133.95.0,24,Türkiye,Balıkesir,39.6424,27.8106,24.133.95.0/24
47524,24.133.96.0,22,Türkiye,Eskişehir,39.7302,30.5345,24.133.96.0/22
47524,24.133.100.0,22,Türkiye,Eskişehir,39.7302,30.5345,24.133.100.0/22
47524,24.133.104.0,21,Türkiye,Istanbul,41.0145,28.9533,24.133.104.0/21
47524,24.133.112.0,24,Türkiye,Istanbul,41.0011,28.9675,24.133.112.0/24
47524,24.133.113.0,24,Türkiye,Istanbul,41.0011,28.9675,24.133.113.0/24
47524,24.133.114.0,24,Türkiye,Istanbul,41.0011,28.9675,24.133.114.0/24
47524,24.133.115.0,24,Türkiye,Istanbul,41.0011,28.9675,24.133.115.0/24
47524,24.133.116.0,23,Türkiye,Istanbul,41.0011,28.9675,24.133.116.0/23
47524,24.133.118.0,23,Türkiye,Istanbul,41.0011,28.9675,24.133.118.0/23
47524,24.133.120.0,22,Türkiye,Istanbul,41.0108,29.0219,24.133.120.0/22
47524,24.133.124.0,22,Türkiye,Istanbul,41.0145,28.9533,24.133.124.0/22
47524,24.133.128.0,22,Türkiye,Istanbul,41.0652,28.9898,24.133.128.0/22
47524,24.133.132.0,22,Türkiye,Istanbul,41.0145,28.9533,24.133.132.0/22
47524,24.133.136.0,22,Türkiye,Istanbul,41.0291,28.9927,24.133.136.0/22
47524,24.133.140.0,22,Türkiye,Istanbul,41.0479,28.9773,24.133.140.0/22
47524,24.133.144.0,24,Türkiye,Gaziantep,37.0178,37.3591,24.133.144.0/24
47524,24.133.145.0,24,Türkiye,Gaziantep,37.0178,37.3591,24.133.145.0/24
47524,24.133.146.0,24,Türkiye,Gaziantep,37.0178,37.3591,24.133.146.0/24
47524,24.133.147.0,24,Türkiye,Gaziantep,37.0178,37.3591,24.133.147.0/24
47524,24.133.148.0,23,Türkiye,Gaziantep,37.0178,37.3591,24.133.148.0/23
47524,24.133.150.0,23,Türkiye,Gaziantep,37.0178,37.3591,24.133.150.0/23
47524,24.133.152.0,22,Türkiye,Denizli,37.4876,29.0051,24.133.152.0/22
47524,24.133.156.0,22,Türkiye,Denizli,37.8468,29.0848,24.133.156.0/22
47524,24.133.156.0,24,Türkiye,Denizli,37.8468,29.0848,24.133.156.0/24
47524,24.133.157.0,24,Türkiye,Denizli,37.8468,29.0848,24.133.157.0/24
47524,24.133.158.0,24,Türkiye,Denizli,37.8468,29.0848,24.133.158.0/24
47524,24.133.159.0,24,Türkiye,Denizli,37.8468,29.0848,24.133.159.0/24
47524,24.133.160.0,22,Türkiye,Konya,37.9275,32.4206,24.133.160.0/22
47524,24.133.164.0,24,Türkiye,Istanbul,41.0145,28.9533,24.133.164.0/24
47524,24.133.165.0,24,Türkiye,Istanbul,41.0145,28.9533,24.133.165.0/24
47524,24.133.166.0,24,Türkiye,Istanbul,41.0145,28.9533,24.133.166.0/24
47524,24.133.167.0,24,Türkiye,Istanbul,41.0145,28.9533,24.133.167.0/24
47524,24.133.168.0,22,Türkiye,Istanbul,41.0529,29.0013,24.133.168.0/22
47524,24.133.172.0,24,Türkiye,Istanbul,41.0479,28.9773,24.133.172.0/24
47524,24.133.173.0,24,Türkiye,Istanbul,41.0479,28.9773,24.133.173.0/24
47524,24.133.174.0,24,Türkiye,Istanbul,41.0479,28.9773,24.133.174.0/24
47524,24.133.175.0,24,Türkiye,Istanbul,41.0479,28.9773,24.133.175.0/24
47524,24.133.176.0,22,Türkiye,Istanbul,41.0529,29.0013,24.133.176.0/22
47524,24.133.180.0,22,Türkiye,Istanbul,41.0529,29.0013,24.133.180.0/22
47524,24.133.184.0,22,Türkiye,Yenimahalle,39.9806,32.7975,24.133.184.0/22
47524,24.133.188.0,22,Türkiye,Yenimahalle,39.9806,32.7975,24.133.188.0/22
47524,24.133.192.0,23,Türkiye,Edirne,41.6767,26.5944,24.133.192.0/23
47524,24.133.194.0,23,Türkiye,Edirne,41.6767,26.5944,24.133.194.0/23
47524,24.133.196.0,24,Türkiye,Köseköy,40.704,29.9957,24.133.196.0/24
47524,24.133.197.0,24,Türkiye,Köseköy,40.704,29.9957,24.133.197.0/24
47524,24.133.198.0,24,Türkiye,Edirne,41.6767,26.5944,24.133.198.0/24
47524,24.133.199.0,24,Türkiye,Edirne,41.6767,26.5944,24.133.199.0/24
47524,24.133.200.0,23,Türkiye,Denizli,37.4876,29.0051,24.133.200.0/23
47524,24.133.202.0,23,Türkiye,Denizli,37.4876,29.0051,24.133.202.0/23
47524,24.133.204.0,22,Türkiye,Denizli,37.4876,29.0051,24.133.204.0/22
47524,24.133.208.0,22,Türkiye,Istanbul,41.0256,28.8859,24.133.208.0/22
47524,24.133.212.0,22,Türkiye,Istanbul,41.0256,28.8859,24.133.212.0/22
47524,24.133.216.0,22,Türkiye,Ankara,39.9738,32.7434,24.133.216.0/22
47524,24.133.220.0,22,Türkiye,Ankara,39.9282,32.8564,24.133.220.0/22
47524,24.133.224.0,24,Türkiye,Istanbul,41.0011,28.9675,24.133.224.0/24
47524,24.133.225.0,24,Türkiye,Istanbul,41.0011,28.9675,24.133.225.0/24
47524,24.133.226.0,24,Türkiye,Istanbul,41.0011,28.9675,24.133.226.0/24
47524,24.133.227.0,24,Türkiye,Istanbul,41.0011,28.9675,24.133.227.0/24
47524,24.133.228.0,24,Türkiye,Samsun,41.15,36.3833,24.133.228.0/24
47524,24.133.229.0,24,Türkiye,Samsun,41.15,36.3833,24.133.229.0/24
47524,24.133.230.0,24,Türkiye,Atakum,41.3238,36.2017,24.133.230.0/24
47524,24.133.231.0,24,Türkiye,Atakum,41.3238,36.2017,24.133.231.0/24
47524,24.133.232.0,24,Türkiye,Istanbul,41.0011,28.9675,24.133.232.0/24
47524,24.133.233.0,24,Türkiye,Istanbul,41.0011,28.9675,24.133.233.0/24
47524,24.133.234.0,24,Türkiye,Istanbul,41.0011,28.9675,24.133.234.0/24
47524,24.133.235.0,24,Türkiye,Istanbul,41.0011,28.9675,24.133.235.0/24
47524,24.133.236.0,22,Türkiye,Istanbul,41.0011,28.9675,24.133.236.0/22
47524,24.133.244.0,22,Türkiye,Istanbul,41.0652,28.9898,24.133.244.0/22
47524,24.133.248.0,22,Türkiye,Adana,37.0695,35.0907,24.133.248.0/22
47524,24.133.252.0,22,Türkiye,Adana,37.0695,35.0907,24.133.252.0/22
47524,46.196.0.0,22,Türkiye,Istanbul,41.0145,28.9533,46.196.0.0/22
47524,46.196.4.0,22,Türkiye,Istanbul,41.0145,28.9533,46.196.4.0/22
47524,46.196.8.0,24,Türkiye,Istanbul,41.0145,28.9533,46.196.8.0/24
47524,46.196.9.0,24,Türkiye,Istanbul,41.0145,28.9533,46.196.9.0/24
47524,46.196.10.0,23,Türkiye,Istanbul,41.0145,28.9533,46.196.10.0/23
47524,46.196.12.0,24,Türkiye,Istanbul,41.0145,28.9533,46.196.12.0/24
47524,46.196.13.0,24,Türkiye,Istanbul,41.0145,28.9533,46.196.13.0/24
47524,46.196.14.0,23,Türkiye,Istanbul,41.0145,28.9533,46.196.14.0/23
47524,46.196.16.0,22,Türkiye,Istanbul,41.0145,28.9533,46.196.16.0/22
47524,46.196.20.0,22,Türkiye,Istanbul,41.0145,28.9533,46.196.20.0/22
47524,46.196.24.0,22,Türkiye,Istanbul,41.0145,28.9533,46.196.24.0/22
47524,46.196.28.0,22,Türkiye,Istanbul,41.0145,28.9533,46.196.28.0/22
47524,46.196.32.0,24,Türkiye,Istanbul,41.0145,28.9533,46.196.32.0/24
47524,46.196.33.0,24,Türkiye,Istanbul,41.0145,28.9533,46.196.33.0/24
47524,46.196.34.0,23,Türkiye,Istanbul,41.0145,28.9533,46.196.34.0/23
47524,46.196.36.0,24,Türkiye,Istanbul,41.0145,28.9533,46.196.36.0/24
47524,46.196.37.0,24,Türkiye,Istanbul,41.0145,28.9533,46.196.37.0/24
47524,46.196.38.0,23,Türkiye,Istanbul,41.0145,28.9533,46.196.38.0/23
47524,46.196.40.0,24,Türkiye,Istanbul,41.0145,28.9533,46.196.40.0/24
47524,46.196.41.0,24,Türkiye,Istanbul,41.0145,28.9533,46.196.41.0/24
47524,46.196.42.0,23,Türkiye,Istanbul,41.0145,28.9533,46.196.42.0/23
47524,46.196.44.0,24,Türkiye,Istanbul,41.0145,28.9533,46.196.44.0/24
47524,46.196.45.0,24,Türkiye,Istanbul,41.0145,28.9533,46.196.45.0/24
47524,46.196.46.0,24,Türkiye,Istanbul,41.0145,28.9533,46.196.46.0/24
47524,46.196.47.0,24,Türkiye,Istanbul,41.0145,28.9533,46.196.47.0/24
47524,46.196.48.0,20,Türkiye,Istanbul,41.0145,28.9533,46.196.48.0/20
47524,46.196.64.0,24,Türkiye,Istanbul,41.0145,28.9533,46.196.64.0/24
47524,46.196.65.0,24,Türkiye,Istanbul,41.0145,28.9533,46.196.65.0/24
47524,46.196.66.0,24,Türkiye,Istanbul,41.0145,28.9533,46.196.66.0/24
47524,46.196.67.0,24,Türkiye,Istanbul,41.0145,28.9533,46.196.67.0/24
47524,46.196.68.0,22,Türkiye,Istanbul,41.0197,28.9757,46.196.68.0/22
47524,46.196.72.0,22,Türkiye,Istanbul,41.0247,28.9252,46.196.72.0/22
47524,46.196.76.0,22,Türkiye,Istanbul,41.0145,28.9533,46.196.76.0/22
47524,46.196.80.0,24,Türkiye,Istanbul,41.0108,29.0219,46.196.80.0/24
47524,46.196.81.0,24,Türkiye,Istanbul,41.0108,29.0219,46.196.81.0/24
47524,46.196.82.0,24,Türkiye,Istanbul,41.0108,29.0219,46.196.82.0/24
47524,46.196.83.0,24,Türkiye,Istanbul,41.0108,29.0219,46.196.83.0/24
47524,46.196.84.0,22,Türkiye,Istanbul,41.0382,28.9864,46.196.84.0/22
47524,46.196.88.0,22,Türkiye,Istanbul,41.03,28.9601,46.196.88.0/22
47524,46.196.92.0,24,Türkiye,Istanbul,41.0247,28.9252,46.196.92.0/24
47524,46.196.93.0,24,Türkiye,Istanbul,41.0247,28.9252,46.196.93.0/24
47524,46.196.94.0,24,Türkiye,Istanbul,41.0145,28.9533,46.196.94.0/24
47524,46.196.95.0,24,Türkiye,Istanbul,41.0247,28.9252,46.196.95.0/24
47524,46.196.96.0,22,Türkiye,Istanbul,41.0256,28.8859,46.196.96.0/22
47524,46.196.100.0,22,Türkiye,Istanbul,41.0145,28.9533,46.196.100.0/22
47524,46.196.104.0,21,Türkiye,Istanbul,41.0145,28.9533,46.196.104.0/21
47524,46.196.112.0,21,Türkiye,Istanbul,41.0011,28.9675,46.196.112.0/21
47524,46.196.120.0,22,Türkiye,Istanbul,41.0256,28.8859,46.196.120.0/22
47524,46.196.124.0,22,Türkiye,Istanbul,41.0256,28.8859,46.196.124.0/22
47524,46.196.128.0,22,Türkiye,,41.0214,28.9948,46.196.128.0/22
47524,46.196.132.0,23,Türkiye,,41.0214,28.9948,46.196.132.0/23
47524,46.196.134.0,23,Türkiye,,41.0214,28.9948,46.196.134.0/23
47524,46.196.136.0,22,Türkiye,Istanbul,41.0529,29.0013,46.196.136.0/22
47524,46.196.142.0,24,Türkiye,,41.0214,28.9948,46.196.142.0/24
47524,46.196.144.0,22,Türkiye,Gaziantep,37.0646,37.3756,46.196.144.0/22
47524,46.196.148.0,22,Türkiye,Gaziantep,37.0646,37.3756,46.196.148.0/22
47524,46.196.152.0,22,Türkiye,Gaziantep,37.0646,37.3756,46.196.152.0/22
47524,46.196.152.0,24,Türkiye,Gaziantep,37.0646,37.3756,46.196.152.0/24
47524,46.196.153.0,24,Türkiye,Gaziantep,37.0646,37.3756,46.196.153.0/24
47524,46.196.154.0,24,Türkiye,Gaziantep,37.2502,37.2014,46.196.154.0/24
47524,46.196.155.0,24,Türkiye,Gaziantep,37.2502,37.2014,46.196.155.0/24
47524,46.196.156.0,23,Türkiye,Erzurum,40.24,41.1149,46.196.156.0/23
47524,46.196.158.0,23,Türkiye,Erzurum,39.903,41.2965,46.196.158.0/23
47524,46.196.160.0,20,Türkiye,,41.0214,28.9948,46.196.160.0/20
47524,46.196.176.0,24,Türkiye,Eskişehir,39.7302,30.5345,46.196.176.0/24
47524,46.196.177.0,24,Türkiye,Eskişehir,39.7302,30.5345,46.196.177.0/24
47524,46.196.178.0,23,Türkiye,Eskişehir,39.7302,30.5345,46.196.178.0/23
47524,46.196.180.0,24,Türkiye,Eskişehir,39.7302,30.5345,46.196.180.0/24
47524,46.196.181.0,24,Türkiye,Eskişehir,39.7302,30.5345,46.196.181.0/24
47524,46.196.182.0,24,Türkiye,Eskişehir,39.7302,30.5345,46.196.182.0/24
47524,46.196.183.0,24,Türkiye,Eskişehir,39.7302,30.5345,46.196.183.0/24
47524,46.196.184.0,21,Türkiye,Ankara,39.9205,32.8372,46.196.184.0/21
47524,46.196.192.0,22,Türkiye,Bursa,40.1904,29.0266,46.196.192.0/22
47524,46.196.196.0,22,Türkiye,Bursa,40.2467,28.9787,46.196.196.0/22
47524,46.196.200.0,22,Türkiye,Mersin,36.7905,34.5908,46.196.200.0/22
47524,46.196.204.0,22,Türkiye,Mersin,36.7905,34.5908,46.196.204.0/22
47524,46.196.208.0,23,Türkiye,Konya,37.9275,32.4206,46.196.208.0/23
47524,46.196.210.0,23,Türkiye,Selcuklu,37.8839,32.4948,46.196.210.0/23
47524,46.196.212.0,22,Türkiye,Konya,37.9275,32.4206,46.196.212.0/22
47524,46.196.216.0,22,Türkiye,Sincan,39.974,32.5885,46.196.216.0/22
47524,46.196.220.0,23,Türkiye,Sincan,39.974,32.5885,46.196.220.0/23
47524,46.196.222.0,24,Türkiye,Sincan,39.974,32.5885,46.196.222.0/24
47524,46.196.223.0,24,Türkiye,Sincan,39.974,32.5885,46.196.223.0/24
47524,46.196.224.0,23,Türkiye,Ankara,39.9623,32.7868,46.196.224.0/23
47524,46.196.226.0,24,Türkiye,Erzurum,40.0919,41.3552,46.196.226.0/24
47524,46.196.227.0,24,Türkiye,Erzurum,40.0919,41.3552,46.196.227.0/24
47524,46.196.228.0,24,Türkiye,Erzurum,40.0919,41.3552,46.196.228.0/24
47524,46.196.229.0,24,Türkiye,Erzurum,40.0919,41.3552,46.196.229.0/24
47524,46.196.230.0,23,Türkiye,Erzurum,40.0919,41.3552,46.196.230.0/23
47524,46.196.232.0,23,Türkiye,Erzurum,39.903,41.2965,46.196.232.0/23
47524,46.196.234.0,24,Türkiye,Erzurum,39.903,41.2965,46.196.234.0/24
47524,46.196.235.0,24,Türkiye,Erzurum,39.903,41.2965,46.196.235.0/24
47524,46.196.236.0,24,Türkiye,Erzurum,39.903,41.2965,46.196.236.0/24
47524,46.196.237.0,24,Türkiye,Erzurum,39.903,41.2965,46.196.237.0/24
47524,46.196.238.0,23,Türkiye,Erzurum,39.903,41.2965,46.196.238.0/23
47524,46.196.240.0,22,Türkiye,Istanbul,41.0145,28.9533,46.196.240.0/22
47524,46.196.244.0,24,Türkiye,Istanbul,41.0145,28.9533,46.196.244.0/24
47524,46.196.245.0,24,Türkiye,Istanbul,41.0145,28.9533,46.196.245.0/24
47524,46.196.246.0,23,Türkiye,Istanbul,41.0145,28.9533,46.196.246.0/23
47524,46.196.248.0,21,Türkiye,Beşiktaş,41.0443,29.0203,46.196.248.0/21
47524,46.197.0.0,21,Türkiye,Istanbul,41.0011,28.9687,46.197.0.0/21
47524,46.197.8.0,22,Türkiye,Antalya,36.9156,30.6538,46.197.8.0/22
47524,46.197.12.0,23,Türkiye,Antalya,36.9156,30.6538,46.197.12.0/23
47524,46.197.14.0,24,Türkiye,Antalya,36.9156,30.6538,46.197.14.0/24
47524,46.197.15.0,24,Türkiye,Antalya,36.9156,30.6538,46.197.15.0/24
47524,46.197.16.0,23,Türkiye,Adana,37.0695,35.0907,46.197.16.0/23
47524,46.197.18.0,23,Türkiye,Adana,37.0695,35.0907,46.197.18.0/23
47524,46.197.20.0,23,Türkiye,Adana,37.0695,35.0907,46.197.20.0/23
47524,46.197.22.0,23,Türkiye,Adana,37.0695,35.0907,46.197.22.0/23
47524,46.197.24.0,22,Türkiye,Adana,37.0695,35.0907,46.197.24.0/22
47524,46.197.28.0,22,Türkiye,Adana,36.9315,35.3303,46.197.28.0/22
47524,46.197.32.0,24,Türkiye,Istanbul,41.0247,28.9252,46.197.32.0/24
47524,46.197.33.0,24,Türkiye,Istanbul,41.0247,28.9252,46.197.33.0/24
47524,46.197.34.0,23,Türkiye,Istanbul,41.0247,28.9252,46.197.34.0/23
47524,46.197.36.0,24,Türkiye,Istanbul,41.0247,28.9252,46.197.36.0/24
47524,46.197.37.0,24,Türkiye,Istanbul,41.0247,28.9252,46.197.37.0/24
47524,46.197.38.0,23,Türkiye,Istanbul,41.0247,28.9252,46.197.38.0/23
47524,46.197.40.0,22,Türkiye,Istanbul,41.0247,28.9252,46.197.40.0/22
47524,46.197.44.0,22,Türkiye,Istanbul,41.0247,28.9252,46.197.44.0/22
47524,46.197.48.0,22,Türkiye,Istanbul,41.0247,28.9252,46.197.48.0/22
47524,46.197.52.0,22,Türkiye,Istanbul,41.0247,28.9252,46.197.52.0/22
47524,46.197.56.0,24,Türkiye,Ankara,39.8956,32.8634,46.197.56.0/24
47524,46.197.57.0,24,Türkiye,Ankara,39.8956,32.8634,46.197.57.0/24
47524,46.197.58.0,23,Türkiye,Ankara,39.8956,32.8634,46.197.58.0/23
47524,46.197.60.0,22,Türkiye,Ankara,39.8956,32.8634,46.197.60.0/22
47524,46.197.64.0,22,Türkiye,,41.0214,28.9948,46.197.64.0/22
47524,46.197.68.0,24,Türkiye,,41.0214,28.9948,46.197.68.0/24
47524,46.197.69.0,24,Türkiye,,41.0214,28.9948,46.197.69.0/24
47524,46.197.70.0,23,Türkiye,Istanbul,41.0247,28.9252,46.197.70.0/23
47524,46.197.72.0,23,Türkiye,Kayseri,38.7483,35.5301,46.197.72.0/23
47524,46.197.76.0,22,Türkiye,,41.0214,28.9948,46.197.76.0/22
47524,46.197.80.0,21,Türkiye,Antalya,36.8752,30.7072,46.197.80.0/21
47524,46.197.88.0,24,Türkiye,Mersin,36.769,34.6743,46.197.88.0/24
47524,46.197.89.0,24,Türkiye,Mersin,36.769,34.6743,46.197.89.0/24
47524,46.197.90.0,24,Türkiye,Mersin,36.769,34.6743,46.197.90.0/24
47524,46.197.91.0,24,Türkiye,Mersin,36.769,34.6743,46.197.91.0/24
47524,46.197.92.0,24,Türkiye,Nilufer,40.2296,28.8423,46.197.92.0/24
47524,46.197.93.0,24,Türkiye,Nilufer,40.2296,28.8423,46.197.93.0/24
47524,46.197.94.0,23,Türkiye,Bursa,40.1904,29.0266,46.197.94.0/23
47524,46.197.96.0,21,Türkiye,Istanbul,41.0145,28.9533,46.197.96.0/21
47524,46.197.104.0,21,Türkiye,Istanbul,41.0256,28.8859,46.197.104.0/21
47524,46.197.112.0,22,Türkiye,Antalya,36.8797,30.6725,46.197.112.0/22
47524,46.197.116.0,22,Türkiye,Antalya,36.8752,30.7072,46.197.116.0/22
47524,46.197.120.0,22,Türkiye,Konya,37.9275,32.4206,46.197.120.0/22
47524,46.197.124.0,23,Türkiye,Magnesia ad Sipylum,38.6645,27.3294,46.197.124.0/23
47524,46.197.126.0,24,Türkiye,,41.0214,28.9948,46.197.126.0/24
47524,46.197.128.0,23,Türkiye,,41.0214,28.9948,46.197.128.0/23
47524,46.197.130.0,24,Türkiye,,41.0214,28.9948,46.197.130.0/24
47524,46.197.132.0,22,Türkiye,,41.0214,28.9948,46.197.132.0/22
47524,46.197.136.0,24,Türkiye,Cankaya,39.9111,32.8157,46.197.136.0/24
47524,46.197.137.0,24,Türkiye,Cankaya,39.9111,32.8157,46.197.137.0/24
47524,46.197.138.0,23,Türkiye,Cankaya,39.9111,32.8157,46.197.138.0/23
47524,46.197.140.0,22,Türkiye,Cankaya,39.9111,32.8157,46.197.140.0/22
47524,46.197.144.0,23,Türkiye,,41.0214,28.9948,46.197.144.0/23
47524,46.197.146.0,23,Türkiye,,41.0214,28.9948,46.197.146.0/23
47524,46.197.148.0,23,Türkiye,,41.0214,28.9948,46.197.148.0/23
47524,46.197.151.0,24,Türkiye,,41.0214,28.9948,46.197.151.0/24
47524,46.197.152.0,24,Türkiye,Izmir,38.4123,27.1424,46.197.152.0/24
47524,46.197.153.0,24,Türkiye,Izmir,38.4123,27.1424,46.197.153.0/24
47524,46.197.154.0,24,Türkiye,Izmir,38.4123,27.1424,46.197.154.0/24
47524,46.197.155.0,24,Türkiye,Izmir,38.4123,27.1424,46.197.155.0/24
47524,46.197.156.0,22,Türkiye,Ankara,39.9254,32.841,46.197.156.0/22
47524,46.197.160.0,21,Türkiye,Bornova,38.4593,27.2673,46.197.160.0/21
47524,46.197.168.0,23,Türkiye,Bornova,38.4593,27.2673,46.197.168.0/23
47524,46.197.170.0,24,Türkiye,Bornova,38.4593,27.2673,46.197.170.0/24
47524,46.197.171.0,24,Türkiye,Bornova,38.4593,27.2673,46.197.171.0/24
47524,46.197.172.0,22,Türkiye,Bornova,38.4593,27.2673,46.197.172.0/22
47524,46.197.176.0,24,Türkiye,Antalya,36.9007,30.7883,46.197.176.0/24
47524,46.197.177.0,24,Türkiye,Antalya,36.9259,30.666,46.197.177.0/24
47524,46.197.178.0,24,Türkiye,Antalya,36.9259,30.666,46.197.178.0/24
47524,46.197.179.0,24,Türkiye,Antalya,36.9259,30.666,46.197.179.0/24
47524,46.197.184.0,23,Türkiye,Tarsus,36.9062,34.8982,46.197.184.0/23
47524,46.197.186.0,24,Türkiye,,41.0214,28.9948,46.197.186.0/24
47524,46.197.188.0,24,Türkiye,Magnesia ad Sipylum,38.6645,27.3294,46.197.188.0/24
47524,46.197.189.0,24,Türkiye,Magnesia ad Sipylum,38.6645,27.3294,46.197.189.0/24
47524,46.197.190.0,24,Türkiye,Magnesia ad Sipylum,38.6645,27.3294,46.197.190.0/24
47524,46.197.191.0,24,Türkiye,Magnesia ad Sipylum,38.6645,27.3294,46.197.191.0/24
47524,46.197.192.0,22,Türkiye,Erzincan,39.6926,39.5246,46.197.192.0/22
47524,46.197.199.0,24,Türkiye,,41.0214,28.9948,46.197.199.0/24
47524,46.197.200.0,21,Türkiye,,41.0214,28.9948,46.197.200.0/21
47524,46.197.208.0,24,Türkiye,Kadıköy,40.9833,29.0768,46.197.208.0/24
47524,46.197.209.0,24,Türkiye,Kadıköy,40.9833,29.0768,46.197.209.0/24
47524,46.197.210.0,23,Türkiye,Istanbul,41.0145,28.9533,46.197.210.0/23
47524,46.197.212.0,22,Türkiye,Istanbul,41.0145,28.9533,46.197.212.0/22
47524,46.197.216.0,22,Türkiye,Ankara,39.9205,32.8372,46.197.216.0/22
47524,46.197.220.0,22,Türkiye,Cankaya,39.9111,32.8157,46.197.220.0/22
47524,46.197.224.0,21,Türkiye,Konya,37.8805,32.4256,46.197.224.0/21
47524,46.197.232.0,21,Türkiye,Konya,37.8805,32.4256,46.197.232.0/21
47524,46.197.240.0,24,Türkiye,Karaman,37.1751,33.2213,46.197.240.0/24
47524,46.197.241.0,24,Türkiye,Karaman,37.1751,33.2213,46.197.241.0/24
47524,46.197.243.0,24,Türkiye,,41.0214,28.9948,46.197.243.0/24
47524,46.197.244.0,23,Türkiye,,41.0214,28.9948,46.197.244.0/23
47524,46.197.246.0,24,Türkiye,,41.0214,28.9948,46.197.246.0/24
47524,46.197.248.0,22,Türkiye,Ankara,39.9282,32.8564,46.197.248.0/22
47524,46.197.252.0,23,Türkiye,Ankara,39.9806,32.7975,46.197.252.0/23
47524,46.197.254.0,23,Türkiye,Ankara,39.9806,32.7975,46.197.254.0/23
47524,94.54.0.0,24,Türkiye,Magnesia ad Sipylum,38.3722,28.5186,94.54.0.0/24
47524,94.54.1.0,24,Türkiye,Magnesia ad Sipylum,38.3722,28.5186,94.54.1.0/24
47524,94.54.2.0,24,Türkiye,Magnesia ad Sipylum,38.5871,27.6406,94.54.2.0/24
47524,94.54.3.0,24,Türkiye,Magnesia ad Sipylum,38.5871,27.6406,94.54.3.0/24
47524,94.54.4.0,22,Türkiye,Magnesia ad Sipylum,38.6645,27.3294,94.54.4.0/22
47524,94.54.8.0,24,Türkiye,Mersin,36.7905,34.5908,94.54.8.0/24
47524,94.54.9.0,24,Türkiye,Mersin,36.7905,34.5908,94.54.9.0/24
47524,94.54.10.0,24,Türkiye,Mersin,36.7905,34.5908,94.54.10.0/24
47524,94.54.11.0,24,Türkiye,Mersin,36.7905,34.5908,94.54.11.0/24
47524,94.54.12.0,22,Türkiye,Mersin,36.7905,34.5908,94.54.12.0/22
47524,94.54.16.0,22,Türkiye,Ankara,39.932,32.8722,94.54.16.0/22
47524,94.54.20.0,22,Türkiye,Ankara,39.9107,32.8554,94.54.20.0/22
47524,94.54.24.0,22,Türkiye,Ankara,39.9107,32.8554,94.54.24.0/22
47524,94.54.28.0,24,Türkiye,Ankara,39.9205,32.8372,94.54.28.0/24
47524,94.54.29.0,24,Türkiye,Ankara,39.9205,32.8372,94.54.29.0/24
47524,94.54.30.0,24,Türkiye,Ankara,39.9205,32.8372,94.54.30.0/24
47524,94.54.31.0,24,Türkiye,Ankara,39.9205,32.8372,94.54.31.0/24
47524,94.54.32.0,20,Türkiye,Ankara,39.9107,32.8554,94.54.32.0/20
47524,94.54.48.0,22,Türkiye,Ankara,39.9254,32.841,94.54.48.0/22
47524,94.54.52.0,22,Türkiye,Ankara,39.9401,32.9097,94.54.52.0/22
47524,94.54.56.0,22,Türkiye,Ankara,39.9623,32.7868,94.54.56.0/22
47524,94.54.60.0,22,Türkiye,Ankara,39.974,32.8763,94.54.60.0/22
47524,94.54.64.0,20,Türkiye,Cankaya,39.8959,32.863,94.54.64.0/20
47524,94.54.80.0,20,Türkiye,Cankaya,39.9111,32.8157,94.54.80.0/20
47524,94.54.96.0,21,Türkiye,Kadıköy,40.9833,29.0768,94.54.96.0/21
47524,94.54.104.0,24,Türkiye,Yalova,40.6912,29.5118,94.54.104.0/24
47524,94.54.105.0,24,Türkiye,Yalova,40.6912,29.5118,94.54.105.0/24
47524,94.54.106.0,23,Türkiye,Yalova,40.612,29.3385,94.54.106.0/23
47524,94.54.108.0,24,Türkiye,Selcuklu,37.8839,32.4948,94.54.108.0/24
47524,94.54.109.0,24,Türkiye,Selcuklu,37.8839,32.4948,94.54.109.0/24
47524,94.54.110.0,24,Türkiye,Selcuklu,37.8839,32.4948,94.54.110.0/24
47524,94.54.111.0,24,Türkiye,Selcuklu,37.8839,32.4948,94.54.111.0/24
47524,94.54.112.0,22,Türkiye,Mamak,39.9338,32.8892,94.54.112.0/22
47524,94.54.116.0,23,Türkiye,Yalova,40.612,29.3385,94.54.116.0/23
47524,94.54.118.0,23,Türkiye,Mamak,39.9338,32.8892,94.54.118.0/23
47524,94.54.120.0,24,Türkiye,Istanbul,41.0197,28.9757,94.54.120.0/24
47524,94.54.121.0,24,Türkiye,Istanbul,41.0197,28.9757,94.54.121.0/24
47524,94.54.122.0,24,Türkiye,Istanbul,41.0145,28.9533,94.54.122.0/24
47524,94.54.123.0,24,Türkiye,Istanbul,41.0145,28.9533,94.54.123.0/24
47524,94.54.124.0,24,Türkiye,Mamak,39.9338,32.8892,94.54.124.0/24
47524,94.54.125.0,24,Türkiye,Mamak,39.9338,32.8892,94.54.125.0/24
47524,94.54.126.0,23,Türkiye,Mamak,39.9338,32.8892,94.54.126.0/23
47524,94.54.128.0,20,Türkiye,Merkezefendi,37.8088,29.0422,94.54.128.0/20
47524,94.54.144.0,21,Türkiye,Istanbul,41.0108,29.0219,94.54.144.0/21
47524,94.54.152.0,21,Türkiye,Istanbul,41.0145,28.9533,94.54.152.0/21
47524,94.54.160.0,22,Türkiye,Bolu,40.8049,31.6062,94.54.160.0/22
47524,94.54.164.0,22,Türkiye,Bolu,40.8049,31.6062,94.54.164.0/22
47524,94.54.168.0,24,Türkiye,Bolu,40.8049,31.6062,94.54.168.0/24
47524,94.54.169.0,24,Türkiye,Bolu,40.8049,31.6062,94.54.169.0/24
47524,94.54.170.0,23,Türkiye,Denizli,37.8468,29.0848,94.54.170.0/23
47524,94.54.172.0,24,Türkiye,Bolu,40.8049,31.6062,94.54.172.0/24
47524,94.54.173.0,24,Türkiye,Bolu,40.8049,31.6062,94.54.173.0/24
47524,94.54.174.0,24,Türkiye,Bolu,40.8049,31.6062,94.54.174.0/24
47524,94.54.175.0,24,Türkiye,Bolu,40.8049,31.6062,94.54.175.0/24
47524,94.54.176.0,21,Türkiye,Istanbul,41.0256,28.8859,94.54.176.0/21
47524,94.54.184.0,21,Türkiye,Bolu,40.8049,31.6062,94.54.184.0/21
47524,94.54.192.0,20,Türkiye,Istanbul,41.0247,28.9252,94.54.192.0/20
47524,94.54.208.0,20,Türkiye,Fatih,41.0278,28.9392,94.54.208.0/20
47524,94.54.224.0,22,Türkiye,Istanbul,41.0247,28.9252,94.54.224.0/22
47524,94.54.228.0,22,Türkiye,Istanbul,41.0551,28.9347,94.54.228.0/22
47524,94.54.232.0,22,Türkiye,Istanbul,40.9993,28.9361,94.54.232.0/22
47524,94.54.236.0,22,Türkiye,Istanbul,41.0247,28.9252,94.54.236.0/22
47524,94.54.240.0,22,Türkiye,Konya,37.8805,32.4256,94.54.240.0/22
47524,94.54.244.0,24,Türkiye,Gebze,40.7992,29.4305,94.54.244.0/24
47524,94.54.245.0,24,Türkiye,Gebze,40.7992,29.4305,94.54.245.0/24
47524,94.54.246.0,24,Türkiye,Konya,37.8805,32.4256,94.54.246.0/24
47524,94.54.247.0,24,Türkiye,Konya,37.8805,32.4256,94.54.247.0/24
47524,94.54.248.0,22,Türkiye,Istanbul,41.0145,28.9533,94.54.248.0/22
47524,94.54.252.0,24,Türkiye,Istanbul,41.0247,28.9252,94.54.252.0/24
47524,94.54.253.0,24,Türkiye,Istanbul,41.0247,28.9252,94.54.253.0/24
47524,94.54.254.0,24,Türkiye,Istanbul,41.0256,28.8859,94.54.254.0/24
47524,94.54.255.0,24,Türkiye,Istanbul,41.0256,28.8859,94.54.255.0/24
47524,94.55.0.0,21,Türkiye,Kayseri,38.7483,35.5301,94.55.0.0/21
47524,94.55.8.0,22,Türkiye,Kayseri,38.7483,35.5301,94.55.8.0/22
47524,94.55.12.0,24,Türkiye,Kayseri,38.7483,35.5301,94.55.12.0/24
47524,94.55.13.0,24,Türkiye,Kayseri,38.7483,35.5301,94.55.13.0/24
47524,94.55.14.0,23,Türkiye,Kayseri,38.7483,35.5301,94.55.14.0/23
47524,94.55.16.0,23,Türkiye,Samsun,41.15,36.3833,94.55.16.0/23
47524,94.55.18.0,23,Türkiye,Samsun,41.15,36.3833,94.55.18.0/23
47524,94.55.20.0,24,Türkiye,Kayseri,38.7483,35.5301,94.55.20.0/24
47524,94.55.21.0,24,Türkiye,Kayseri,38.7483,35.5301,94.55.21.0/24
47524,94.55.22.0,23,Türkiye,Kayseri,38.7483,35.5301,94.55.22.0/23
47524,94.55.24.0,21,Türkiye,Zonguldak,41.266,31.7285,94.55.24.0/21
47524,94.55.32.0,21,Türkiye,Yalova,40.612,29.3385,94.55.32.0/21
47524,94.55.40.0,21,Türkiye,Pendik,40.8805,29.2739,94.55.40.0/21
47524,94.55.48.0,21,Türkiye,Pendik,40.8805,29.2739,94.55.48.0/21
47524,94.55.56.0,24,Türkiye,Pendik,40.8805,29.2739,94.55.56.0/24
47524,94.55.57.0,24,Türkiye,Pendik,40.8805,29.2739,94.55.57.0/24
47524,94.55.59.0,24,Türkiye,Pendik,40.8805,29.2739,94.55.59.0/24
47524,94.55.60.0,23,Türkiye,Pendik,40.8805,29.2739,94.55.60.0/23
47524,94.55.63.0,24,Türkiye,Pendik,40.8805,29.2739,94.55.63.0/24
47524,94.55.64.0,20,Türkiye,,41.0214,28.9948,94.55.64.0/20
47524,94.55.80.0,21,Türkiye,,41.0214,28.9948,94.55.80.0/21
47524,94.55.88.0,22,Türkiye,,41.0214,28.9948,94.55.88.0/22
47524,94.55.92.0,22,Türkiye,,41.0214,28.9948,94.55.92.0/22
47524,94.55.96.0,20,Türkiye,,41.0214,28.9948,94.55.96.0/20
47524,94.55.112.0,22,Türkiye,,41.0214,28.9948,94.55.112.0/22
47524,94.55.116.0,22,Türkiye,,41.0214,28.9948,94.55.116.0/22
47524,94.55.120.0,23,Türkiye,,41.0214,28.9948,94.55.120.0/23
47524,94.55.122.0,23,Türkiye,,41.0214,28.9948,94.55.122.0/23
47524,94.55.126.0,24,Türkiye,,41.0214,28.9948,94.55.126.0/24
47524,94.55.127.0,24,Türkiye,,41.0214,28.9948,94.55.127.0/24
47524,94.55.128.0,20,Türkiye,Ankara,39.9282,32.8564,94.55.128.0/20
47524,94.55.144.0,20,Türkiye,Ankara,39.9669,32.8779,94.55.144.0/20
47524,94.55.160.0,21,Türkiye,Selcuklu,37.8839,32.4948,94.55.160.0/21
47524,94.55.168.0,24,Türkiye,Konya,37.9275,32.4206,94.55.168.0/24
47524,94.55.169.0,24,Türkiye,Konya,37.9275,32.4206,94.55.169.0/24
47524,94.55.170.0,24,Türkiye,Selcuklu,37.8839,32.4948,94.55.170.0/24
47524,94.55.171.0,24,Türkiye,Selcuklu,37.8839,32.4948,94.55.171.0/24
47524,94.55.172.0,24,Türkiye,Selcuklu,37.8839,32.4948,94.55.172.0/24
47524,94.55.173.0,24,Türkiye,Selcuklu,37.8839,32.4948,94.55.173.0/24
47524,94.55.174.0,24,Türkiye,Selcuklu,37.8839,32.4948,94.55.174.0/24
47524,94.55.175.0,24,Türkiye,Selcuklu,37.8839,32.4948,94.55.175.0/24
47524,94.55.176.0,21,Türkiye,Istanbul,41.0382,28.9864,94.55.176.0/21
47524,94.55.184.0,21,Türkiye,Selcuklu,37.8839,32.4948,94.55.184.0/21
47524,94.55.192.0,20,Türkiye,Istanbul,41.0479,28.9773,94.55.192.0/20
47524,94.55.208.0,22,Türkiye,Yalova,40.612,29.3385,94.55.208.0/22
47524,94.55.212.0,22,Türkiye,Yalova,40.612,29.3385,94.55.212.0/22
47524,94.55.216.0,22,Türkiye,Yalova,40.612,29.3385,94.55.216.0/22
47524,94.55.220.0,22,Türkiye,Yalova,40.612,29.3385,94.55.220.0/22
47524,94.55.224.0,22,Türkiye,Istanbul,41.0256,28.8859,94.55.224.0/22
47524,94.55.228.0,22,Türkiye,Panderma,40.3497,27.9809,94.55.228.0/22
47524,94.55.232.0,23,Türkiye,Panderma,40.3497,27.9809,94.55.232.0/23
47524,94.55.234.0,23,Türkiye,Panderma,40.3497,27.9809,94.55.234.0/23
47524,94.55.236.0,24,Türkiye,Panderma,40.3497,27.9809,94.55.236.0/24
47524,94.55.237.0,24,Türkiye,Panderma,40.3497,27.9809,94.55.237.0/24
47524,94.55.238.0,24,Türkiye,Panderma,40.3497,27.9809,94.55.238.0/24
47524,94.55.239.0,24,Türkiye,Panderma,40.3497,27.9809,94.55.239.0/24
47524,94.55.240.0,21,Türkiye,Bursa,40.1904,29.0266,94.55.240.0/21
47524,94.55.248.0,21,Türkiye,Istanbul,41.0145,28.9533,94.55.248.0/21
47524,176.240.0.0,24,Türkiye,Selcuklu,37.8839,32.4948,176.240.0.0/24
47524,176.240.1.0,24,Türkiye,Selcuklu,37.8839,32.4948,176.240.1.0/24
47524,176.240.3.0,24,Türkiye,Selcuklu,37.8839,32.4948,176.240.3.0/24
47524,176.240.4.0,22,Türkiye,Zonguldak,41.266,31.7285,176.240.4.0/22
47524,176.240.8.0,22,Türkiye,Selcuklu,37.8839,32.4948,176.240.8.0/22
47524,176.240.12.0,24,Türkiye,Selcuklu,37.8839,32.4948,176.240.12.0/24
47524,176.240.14.0,23,Türkiye,Selcuklu,37.8839,32.4948,176.240.14.0/23
47524,176.240.16.0,21,Türkiye,Istanbul,41.0145,28.9533,176.240.16.0/21
47524,176.240.24.0,22,Türkiye,Istanbul,41.0145,28.9533,176.240.24.0/22
47524,176.240.28.0,24,Türkiye,Istanbul,41.0145,28.9533,176.240.28.0/24
47524,176.240.29.0,24,Türkiye,Istanbul,41.0145,28.9533,176.240.29.0/24
47524,176.240.30.0,24,Türkiye,Istanbul,41.0145,28.9533,176.240.30.0/24
47524,176.240.31.0,24,Türkiye,Istanbul,41.0145,28.9533,176.240.31.0/24
47524,176.240.32.0,21,Türkiye,Cankaya,39.8959,32.863,176.240.32.0/21
47524,176.240.40.0,21,Türkiye,Cankaya,39.8959,32.863,176.240.40.0/21
47524,176.240.48.0,21,Türkiye,Ankara,39.9254,32.841,176.240.48.0/21
47524,176.240.56.0,22,Türkiye,Ankara,39.9254,32.841,176.240.56.0/22
47524,176.240.60.0,22,Türkiye,Ankara,39.9254,32.841,176.240.60.0/22
47524,176.240.65.0,24,Türkiye,,41.0214,28.9948,176.240.65.0/24
47524,176.240.66.0,23,Türkiye,Adana,36.9483,35.3543,176.240.66.0/23
47524,176.240.68.0,24,Türkiye,Adana,36.9483,35.3543,176.240.68.0/24
47524,176.240.69.0,24,Türkiye,Adana,36.9483,35.3543,176.240.69.0/24
47524,176.240.70.0,24,Türkiye,Adana,37.0376,35.4567,176.240.70.0/24
47524,176.240.71.0,24,Türkiye,Adana,37.0376,35.4567,176.240.71.0/24
47524,176.240.72.0,22,Türkiye,,41.0214,28.9948,176.240.72.0/22
47524,176.240.76.0,22,Türkiye,Konya,37.9275,32.4206,176.240.76.0/22
47524,176.240.80.0,22,Türkiye,Erzincan,39.6926,39.5246,176.240.80.0/22
47524,176.240.84.0,24,Türkiye,Erzincan,39.6926,39.5246,176.240.84.0/24
47524,176.240.85.0,24,Türkiye,Erzincan,39.6926,39.5246,176.240.85.0/24
47524,176.240.86.0,24,Türkiye,Erzincan,39.6926,39.5246,176.240.86.0/24
47524,176.240.87.0,24,Türkiye,Erzincan,39.6926,39.5246,176.240.87.0/24
47524,176.240.88.0,23,Türkiye,,41.0214,28.9948,176.240.88.0/23
47524,176.240.90.0,23,Türkiye,,41.0214,28.9948,176.240.90.0/23
47524,176.240.92.0,24,Türkiye,,41.0214,28.9948,176.240.92.0/24
47524,176.240.93.0,24,Türkiye,,41.0214,28.9948,176.240.93.0/24
47524,176.240.95.0,24,Türkiye,,41.0214,28.9948,176.240.95.0/24
47524,176.240.96.0,21,Türkiye,Konya,37.6734,32.3329,176.240.96.0/21
47524,176.240.104.0,22,Türkiye,Ankara,39.9282,32.8564,176.240.104.0/22
47524,176.240.108.0,24,Türkiye,Tekirdağ,41.0494,27.3014,176.240.108.0/24
47524,176.240.109.0,24,Türkiye,Tekirdağ,41.0494,27.3014,176.240.109.0/24
47524,176.240.110.0,24,Türkiye,Tekirdağ,41.0494,27.3014,176.240.110.0/24
47524,176.240.111.0,24,Türkiye,Tekirdağ,41.0494,27.3014,176.240.111.0/24
47524,176.240.112.0,21,Türkiye,Ankara,39.9254,32.841,176.240.112.0/21
47524,176.240.120.0,24,Türkiye,Tarsus,36.9062,34.8982,176.240.120.0/24
47524,176.240.121.0,24,Türkiye,Tarsus,36.9062,34.8982,176.240.121.0/24
47524,176.240.122.0,24,Türkiye,Tarsus,36.9062,34.8982,176.240.122.0/24
47524,176.240.123.0,24,Türkiye,Tarsus,36.9062,34.8982,176.240.123.0/24
47524,176.240.124.0,22,Türkiye,Ankara,39.9254,32.841,176.240.124.0/22
47524,176.240.128.0,23,Türkiye,,41.0214,28.9948,176.240.128.0/23
47524,176.240.130.0,24,Türkiye,,41.0214,28.9948,176.240.130.0/24
47524,176.240.131.0,24,Türkiye,,41.0214,28.9948,176.240.131.0/24
47524,176.240.132.0,23,Türkiye,Bursa,40.1904,29.0266,176.240.132.0/23
47524,176.240.135.0,24,Türkiye,,41.0214,28.9948,176.240.135.0/24
47524,176.240.141.0,24,Türkiye,,41.0214,28.9948,176.240.141.0/24
47524,176.240.142.0,23,Türkiye,,41.0214,28.9948,176.240.142.0/23
47524,176.240.144.0,22,Türkiye,Konya,37.8805,32.4256,176.240.144.0/22
47524,176.240.148.0,23,Türkiye,Gaziantep,37.0492,37.424,176.240.148.0/23
47524,176.240.150.0,24,Türkiye,,41.0214,28.9948,176.240.150.0/24
47524,176.240.152.0,22,Türkiye,Ankara,39.9786,32.8262,176.240.152.0/22
47524,176.240.156.0,23,Türkiye,,41.0214,28.9948,176.240.156.0/23
47524,176.240.158.0,24,Türkiye,,41.0214,28.9948,176.240.158.0/24
47524,176.240.160.0,22,Türkiye,Izmir,38.4647,27.135,176.240.160.0/22
47524,176.240.164.0,22,Türkiye,Izmir,38.3876,27.06,176.240.164.0/22
47524,176.240.168.0,22,Türkiye,Bornova,38.4549,27.2506,176.240.168.0/22
47524,176.240.172.0,22,Türkiye,Izmir,38.425,27.1417,176.240.172.0/22
47524,176.240.176.0,20,Türkiye,Izmir,38.4647,27.135,176.240.176.0/20
47524,176.240.192.0,21,Türkiye,Istanbul,41.0652,28.9898,176.240.192.0/21
47524,176.240.200.0,21,Türkiye,Istanbul,41.0145,28.9533,176.240.200.0/21
47524,176.240.208.0,22,Türkiye,Antalya,36.8826,30.6866,176.240.208.0/22
47524,176.240.212.0,23,Türkiye,Antalya,36.8826,30.6866,176.240.212.0/23
47524,176.240.214.0,23,Türkiye,Antalya,36.8709,30.5229,176.240.214.0/23
47524,176.240.216.0,23,Türkiye,Istanbul,41.0359,28.9974,176.240.216.0/23
47524,176.240.218.0,24,Türkiye,Istanbul,41.0359,28.9974,176.240.218.0/24
47524,176.240.219.0,24,Türkiye,Istanbul,41.0359,28.9974,176.240.219.0/24
47524,176.240.220.0,23,Türkiye,Yalova,40.612,29.3385,176.240.220.0/23
47524,176.240.222.0,23,Türkiye,Yalova,40.612,29.3385,176.240.222.0/23
47524,176.240.224.0,22,Türkiye,Bursa,40.2344,29.0174,176.240.224.0/22
47524,176.240.228.0,23,Türkiye,Bursa,40.2344,29.0174,176.240.228.0/23
47524,176.240.231.0,24,Türkiye,Bursa,40.2344,29.0174,176.240.231.0/24
47524,176.240.232.0,23,Türkiye,Bursa,40.2344,29.0174,176.240.232.0/23
47524,176.240.234.0,24,Türkiye,Bursa,40.2344,29.0174,176.240.234.0/24
47524,176.240.236.0,24,Türkiye,Bursa,40.2344,29.0174,176.240.236.0/24
47524,176.240.238.0,24,Türkiye,Bursa,40.2344,29.0174,176.240.238.0/24
47524,176.240.239.0,24,Türkiye,Bursa,40.2344,29.0174,176.240.239.0/24
47524,176.240.241.0,24,Türkiye,,41.0214,28.9948,176.240.241.0/24
47524,176.240.242.0,24,Türkiye,Zonguldak,41.266,31.7285,176.240.242.0/24
47524,176.240.243.0,24,Türkiye,Zonguldak,41.266,31.7285,176.240.243.0/24
47524,176.240.244.0,22,Türkiye,Konya,37.9275,32.4206,176.240.244.0/22
47524,176.240.248.0,22,Türkiye,Bursa,40.2344,29.0174,176.240.248.0/22
47524,176.240.252.0,22,Türkiye,Bursa,40.2171,28.9817,176.240.252.0/22
47524,178.233.0.0,24,Türkiye,Çorlu,41.1584,27.8052,178.233.0.0/24
47524,178.233.1.0,24,Türkiye,Çorlu,41.1584,27.8052,178.233.1.0/24
47524,178.233.2.0,24,Türkiye,Çorlu,41.1584,27.8052,178.233.2.0/24
47524,178.233.3.0,24,Türkiye,Çorlu,41.1584,27.8052,178.233.3.0/24
47524,178.233.4.0,24,Türkiye,Yalova,40.612,29.3385,178.233.4.0/24
47524,178.233.5.0,24,Türkiye,Yalova,40.612,29.3385,178.233.5.0/24
47524,178.233.6.0,24,Türkiye,Çorlu,41.1584,27.8052,178.233.6.0/24
47524,178.233.7.0,24,Türkiye,Çorlu,41.1584,27.8052,178.233.7.0/24
47524,178.233.8.0,22,Türkiye,Zonguldak,41.266,31.7285,178.233.8.0/22
47524,178.233.12.0,24,Türkiye,Zonguldak,41.266,31.7285,178.233.12.0/24
47524,178.233.13.0,24,Türkiye,Zonguldak,41.266,31.7285,178.233.13.0/24
47524,178.233.14.0,23,Türkiye,Zonguldak,41.266,31.7285,178.233.14.0/23
47524,178.233.16.0,22,Türkiye,Ankara,39.9205,32.8372,178.233.16.0/22
47524,178.233.20.0,22,Türkiye,Ankara,39.9205,32.8372,178.233.20.0/22
47524,178.233.24.0,22,Türkiye,Ankara,39.9277,32.8322,178.233.24.0/22
47524,178.233.28.0,22,Türkiye,Ankara,39.9205,32.8372,178.233.28.0/22
47524,178.233.32.0,24,Türkiye,Balıkesir,39.6424,27.8106,178.233.32.0/24
47524,178.233.33.0,24,Türkiye,Balıkesir,39.6424,27.8106,178.233.33.0/24
47524,178.233.34.0,24,Türkiye,Balıkesir,39.6424,27.8106,178.233.34.0/24
47524,178.233.35.0,24,Türkiye,Balıkesir,39.6424,27.8106,178.233.35.0/24
47524,178.233.36.0,22,Türkiye,Balıkesir,39.6424,27.8106,178.233.36.0/22
47524,178.233.40.0,22,Türkiye,Denizli,37.8468,29.0848,178.233.40.0/22
47524,178.233.44.0,22,Türkiye,Denizli,37.8468,29.0848,178.233.44.0/22
47524,178.233.48.0,22,Türkiye,Ankara,39.9205,32.8372,178.233.48.0/22
47524,178.233.52.0,24,Türkiye,Atakum,41.3238,36.2017,178.233.52.0/24
47524,178.233.53.0,24,Türkiye,Atakum,41.3238,36.2017,178.233.53.0/24
47524,178.233.54.0,24,Türkiye,Atakum,41.3238,36.2017,178.233.54.0/24
47524,178.233.55.0,24,Türkiye,Atakum,41.3238,36.2017,178.233.55.0/24
47524,178.233.56.0,21,Türkiye,Istanbul,41.0145,28.9533,178.233.56.0/21
47524,178.233.64.0,23,Türkiye,Istanbul,41.0145,28.9533,178.233.64.0/23
47524,178.233.66.0,23,Türkiye,Istanbul,41.0145,28.9533,178.233.66.0/23
47524,178.233.68.0,23,Türkiye,Istanbul,41.0145,28.9533,178.233.68.0/23
47524,178.233.70.0,23,Türkiye,Istanbul,41.0145,28.9533,178.233.70.0/23
47524,178.233.72.0,22,Türkiye,Istanbul,41.0145,28.9533,178.233.72.0/22
47524,178.233.76.0,24,Türkiye,Istanbul,41.0145,28.9533,178.233.76.0/24
47524,178.233.77.0,24,Türkiye,Istanbul,41.0145,28.9533,178.233.77.0/24
47524,178.233.78.0,23,Türkiye,Istanbul,41.0145,28.9533,178.233.78.0/23
47524,178.233.80.0,21,Türkiye,Antalya,36.8943,30.7209,178.233.80.0/21
47524,178.233.88.0,22,Türkiye,Istanbul,41.0359,28.9974,178.233.88.0/22
47524,178.233.92.0,23,Türkiye,Gaziantep,37.0178,37.3591,178.233.92.0/23
47524,178.233.94.0,23,Türkiye,Gaziantep,37.0492,37.424,178.233.94.0/23
47524,178.233.96.0,20,Türkiye,Denizli,37.4876,29.0051,178.233.96.0/20
47524,178.233.112.0,22,Türkiye,Istanbul,41.0256,28.8859,178.233.112.0/22
47524,178.233.116.0,22,Türkiye,Istanbul,41.0145,28.9533,178.233.116.0/22
47524,178.233.120.0,22,Türkiye,Istanbul,41.0557,28.9623,178.233.120.0/22
47524,178.233.124.0,23,Türkiye,Kayseri,38.7483,35.5301,178.233.124.0/23
47524,178.233.126.0,23,Türkiye,Istanbul,41.0557,28.9623,178.233.126.0/23
47524,178.233.128.0,22,Türkiye,Selcuklu,37.8839,32.4948,178.233.128.0/22
47524,178.233.132.0,22,Türkiye,Selcuklu,37.8839,32.4948,178.233.132.0/22
47524,178.233.136.0,23,Türkiye,Erzurum,39.903,41.2965,178.233.136.0/23
47524,178.233.138.0,24,Türkiye,Erzurum,39.903,41.2965,178.233.138.0/24
47524,178.233.139.0,24,Türkiye,Erzurum,39.903,41.2965,178.233.139.0/24
47524,178.233.140.0,24,Türkiye,Erzurum,39.903,41.2965,178.233.140.0/24
47524,178.233.142.0,23,Türkiye,Erzurum,39.903,41.2965,178.233.142.0/23
47524,178.233.144.0,24,Türkiye,Edirne,41.6767,26.5944,178.233.144.0/24
47524,178.233.145.0,24,Türkiye,Edirne,41.6767,26.5944,178.233.145.0/24
47524,178.233.146.0,24,Türkiye,Köseköy,40.704,29.9957,178.233.146.0/24
47524,178.233.147.0,24,Türkiye,Köseköy,40.704,29.9957,178.233.147.0/24
47524,178.233.148.0,24,Türkiye,Köseköy,40.704,29.9957,178.233.148.0/24
47524,178.233.149.0,24,Türkiye,Köseköy,40.704,29.9957,178.233.149.0/24
47524,178.233.150.0,24,Türkiye,Köseköy,40.704,29.9957,178.233.150.0/24
47524,178.233.151.0,24,Türkiye,Köseköy,40.704,29.9957,178.233.151.0/24
47524,178.233.152.0,24,Türkiye,Gebze,40.7992,29.4305,178.233.152.0/24
47524,178.233.153.0,24,Türkiye,Gebze,40.7992,29.4305,178.233.153.0/24
47524,178.233.154.0,24,Türkiye,Köseköy,40.8341,30.1857,178.233.154.0/24
47524,178.233.155.0,24,Türkiye,Gebze,40.7992,29.4305,178.233.155.0/24
47524,178.233.156.0,22,Türkiye,Konya,37.9275,32.4206,178.233.156.0/22
47524,178.233.160.0,21,Türkiye,Samsun,41.1722,36.28,178.233.160.0/21
47524,178.233.168.0,24,Türkiye,Samsun,41.2477,36.2395,178.233.168.0/24
47524,178.233.169.0,24,Türkiye,Samsun,41.2477,36.2395,178.233.169.0/24
47524,178.233.170.0,24,Türkiye,Samsun,41.1722,36.28,178.233.170.0/24
47524,178.233.171.0,24,Türkiye,Samsun,41.1722,36.28,178.233.171.0/24
47524,178.233.172.0,24,Türkiye,Zonguldak,41.4539,31.7863,178.233.172.0/24
47524,178.233.173.0,24,Türkiye,Zonguldak,41.4539,31.7863,178.233.173.0/24
47524,178.233.174.0,24,Türkiye,Zonguldak,41.4539,31.7863,178.233.174.0/24
47524,178.233.175.0,24,Türkiye,Zonguldak,41.4539,31.7863,178.233.175.0/24
47524,178.233.176.0,20,Türkiye,Ankara,39.9254,32.841,178.233.176.0/20
47524,178.233.192.0,20,Türkiye,Karaman,37.1751,33.2213,178.233.192.0/20
47524,178.233.208.0,23,Türkiye,Kayseri,38.7483,35.5301,178.233.208.0/23
47524,178.233.210.0,23,Türkiye,Kayseri,38.7483,35.5301,178.233.210.0/23
47524,178.233.212.0,22,Türkiye,Istanbul,41.0145,28.9533,178.233.212.0/22
47524,178.233.216.0,24,Türkiye,Istanbul,41.0145,28.9533,178.233.216.0/24
47524,178.233.217.0,24,Türkiye,Istanbul,41.0145,28.9533,178.233.217.0/24
47524,178.233.218.0,24,Türkiye,Karaman,37.1751,33.2213,178.233.218.0/24
47524,178.233.219.0,24,Türkiye,Karaman,37.1751,33.2213,178.233.219.0/24
47524,178.233.220.0,24,Türkiye,Karaman,37.1751,33.2213,178.233.220.0/24
47524,178.233.221.0,24,Türkiye,Karaman,37.1751,33.2213,178.233.221.0/24
47524,178.233.222.0,24,Türkiye,Karaman,37.1751,33.2213,178.233.222.0/24
47524,178.233.223.0,24,Türkiye,Karaman,37.1751,33.2213,178.233.223.0/24
47524,178.233.224.0,21,Türkiye,Istanbul,41.0145,28.9533,178.233.224.0/21
47524,178.233.232.0,22,Türkiye,Istanbul,41.0145,28.9533,178.233.232.0/22
47524,178.233.236.0,24,Türkiye,Istanbul,41.0145,28.9533,178.233.236.0/24
47524,178.233.237.0,24,Türkiye,Istanbul,41.0145,28.9533,178.233.237.0/24
47524,178.233.238.0,23,Türkiye,Istanbul,41.0145,28.9533,178.233.238.0/23
47524,178.233.238.0,24,Türkiye,Istanbul,41.0145,28.9533,178.233.238.0/24
47524,178.233.239.0,24,Türkiye,Istanbul,41.0145,28.9533,178.233.239.0/24
47524,178.233.240.0,21,Türkiye,Istanbul,41.0145,28.9533,178.233.240.0/21
47524,178.233.248.0,24,Türkiye,Istanbul,41.0145,28.9533,178.233.248.0/24
47524,178.233.249.0,24,Türkiye,Istanbul,41.0145,28.9533,178.233.249.0/24
47524,178.233.250.0,24,Türkiye,Istanbul,41.0145,28.9533,178.233.250.0/24
47524,178.233.251.0,24,Türkiye,Istanbul,41.0145,28.9533,178.233.251.0/24
47524,178.233.252.0,22,Türkiye,Istanbul,41.0145,28.9533,178.233.252.0/22
47524,185.26.68.0,24,Türkiye,,41.0214,28.9948,185.26.68.0/24
47524,185.26.70.0,24,Türkiye,,41.0214,28.9948,185.26.70.0/24
47524,185.26.71.0,24,Türkiye,,41.0214,28.9948,185.26.71.0/24
15471,80.97.20.0,24,Romania,,45.9968,24.997,80.97.20.0/24
15471,88.158.0.0,23,Romania,,45.9968,24.997,88.158.0.0/23
15471,88.158.3.0,24,Romania,,45.9968,24.997,88.158.3.0/24
15471,88.158.8.0,24,Romania,,45.9968,24.997,88.158.8.0/24
15471,88.158.9.0,24,Romania,,45.9968,24.997,88.158.9.0/24
15471,88.158.10.0,24,Romania,,45.9968,24.997,88.158.10.0/24
15471,88.158.12.0,24,Romania,,45.9968,24.997,88.158.12.0/24
15471,88.158.13.0,24,Romania,,45.9968,24.997,88.158.13.0/24
15471,88.158.16.0,24,Romania,,45.9968,24.997,88.158.16.0/24
15471,88.158.19.0,24,Romania,,45.9968,24.997,88.158.19.0/24
15471,88.158.21.0,24,Romania,,45.9968,24.997,88.158.21.0/24
15471,88.158.22.0,23,Romania,,45.9968,24.997,88.158.22.0/23
15471,88.158.24.0,23,Romania,,45.9968,24.997,88.158.24.0/23
15471,88.158.26.0,23,Romania,,45.9968,24.997,88.158.26.0/23
15471,88.158.28.0,23,Romania,,45.9968,24.997,88.158.28.0/23
15471,88.158.31.0,24,Romania,,45.9968,24.997,88.158.31.0/24
15471,88.158.33.0,24,Romania,,45.9968,24.997,88.158.33.0/24
15471,88.158.38.0,23,Romania,,45.9968,24.997,88.158.38.0/23
15471,88.158.42.0,23,Romania,,45.9968,24.997,88.158.42.0/23
15471,88.158.44.0,23,Romania,,45.9968,24.997,88.158.44.0/23
15471,88.158.46.0,24,Romania,,45.9968,24.997,88.158.46.0/24
15471,88.158.47.0,24,Romania,,45.9968,24.997,88.158.47.0/24
15471,88.158.49.0,24,Romania,,45.9968,24.997,88.158.49.0/24
15471,88.158.50.0,23,Romania,,45.9968,24.997,88.158.50.0/23
15471,88.158.52.0,23,Romania,,45.9968,24.997,88.158.52.0/23
15471,88.158.54.0,24,Romania,,45.9968,24.997,88.158.54.0/24
15471,88.158.56.0,24,Romania,,45.9968,24.997,88.158.56.0/24
15471,88.158.60.0,24,Romania,,45.9968,24.997,88.158.60.0/24
15471,88.158.61.0,24,Romania,,45.9968,24.997,88.158.61.0/24
15471,88.158.70.0,23,Romania,,45.9968,24.997,88.158.70.0/23
15471,88.158.74.0,23,Romania,,45.9968,24.997,88.158.74.0/23
15471,88.158.78.0,24,Romania,,45.9968,24.997,88.158.78.0/24
15471,88.158.84.0,24,Romania,,45.9968,24.997,88.158.84.0/24
15471,88.158.88.0,23,Romania,,45.9968,24.997,88.158.88.0/23
15471,88.158.91.0,24,Romania,,45.9968,24.997,88.158.91.0/24
15471,88.158.92.0,24,Romania,,45.9968,24.997,88.158.92.0/24
15471,88.158.100.0,24,Romania,,45.9968,24.997,88.158.100.0/24
15471,88.158.102.0,23,Romania,,45.9968,24.997,88.158.102.0/23
15471,88.158.104.0,24,Romania,,45.9968,24.997,88.158.104.0/24
15471,88.158.106.0,23,Romania,,45.9968,24.997,88.158.106.0/23
15471,88.158.108.0,24,Romania,,45.9968,24.997,88.158.108.0/24
15471,88.158.112.0,24,Romania,,45.9968,24.997,88.158.112.0/24
15471,88.158.113.0,24,Romania,,45.9968,24.997,88.158.113.0/24
15471,88.158.117.0,24,Romania,,45.9968,24.997,88.158.117.0/24
15471,88.158.118.0,23,Romania,,45.9968,24.997,88.158.118.0/23
15471,88.158.120.0,24,Romania,,45.9968,24.997,88.158.120.0/24
15471,88.158.122.0,23,Romania,,45.9968,24.997,88.158.122.0/23
15471,88.158.124.0,24,Romania,,45.9968,24.997,88.158.124.0/24
15471,88.158.127.0,24,Romania,,45.9968,24.997,88.158.127.0/24
15471,88.158.129.0,24,Romania,,45.9968,24.997,88.158.129.0/24
15471,88.158.131.0,24,Romania,,45.9968,24.997,88.158.131.0/24
15471,88.158.132.0,24,Romania,,45.9968,24.997,88.158.132.0/24
15471,88.158.134.0,23,Romania,,45.9968,24.997,88.158.134.0/23
15471,88.158.136.0,24,Romania,,45.9968,24.997,88.158.136.0/24
15471,88.158.138.0,24,Romania,,45.9968,24.997,88.158.138.0/24
15471,88.158.139.0,24,Romania,,45.9968,24.997,88.158.139.0/24
15471,88.158.146.0,24,Romania,,45.9968,24.997,88.158.146.0/24
15471,88.158.148.0,22,Romania,,45.9968,24.997,88.158.148.0/22
15471,88.158.158.0,24,Romania,,45.9968,24.997,88.158.158.0/24
15471,88.158.160.0,24,Romania,,45.9968,24.997,88.158.160.0/24
15471,88.158.162.0,23,Romania,,45.9968,24.997,88.158.162.0/23
15471,88.158.164.0,24,Romania,,45.9968,24.997,88.158.164.0/24
15471,88.158.167.0,24,Romania,,45.9968,24.997,88.158.167.0/24
15471,88.158.168.0,24,Romania,,45.9968,24.997,88.158.168.0/24
15471,88.158.169.0,24,Romania,,45.9968,24.997,88.158.169.0/24
15471,88.158.170.0,24,Romania,,45.9968,24.997,88.158.170.0/24
15471,88.158.173.0,24,Romania,,45.9968,24.997,88.158.173.0/24
15471,88.158.179.0,24,Romania,,45.9968,24.997,88.158.179.0/24
15471,88.158.189.0,24,Romania,,45.9968,24.997,88.158.189.0/24
15471,88.158.199.0,24,Romania,,45.9968,24.997,88.158.199.0/24
15471,88.158.200.0,24,Romania,,45.9968,24.997,88.158.200.0/24
15471,88.158.201.0,24,Romania,,45.9968,24.997,88.158.201.0/24
15471,88.158.202.0,23,Romania,,45.9968,24.997,88.158.202.0/23
15471,88.158.204.0,24,Romania,,45.9968,24.997,88.158.204.0/24
15471,88.158.208.0,24,Romania,,45.9968,24.997,88.158.208.0/24
15471,88.158.210.0,24,Romania,,45.9968,24.997,88.158.210.0/24
15471,88.158.211.0,24,Romania,,45.9968,24.997,88.158.211.0/24
15471,88.158.217.0,24,Romania,,45.9968,24.997,88.158.217.0/24
15471,88.158.218.0,23,Romania,,45.9968,24.997,88.158.218.0/23
15471,88.158.220.0,23,Romania,,45.9968,24.997,88.158.220.0/23
15471,88.158.222.0,24,Romania,,45.9968,24.997,88.158.222.0/24
15471,88.158.223.0,24,Romania,,45.9968,24.997,88.158.223.0/24
15471,88.158.228.0,24,Romania,,45.9968,24.997,88.158.228.0/24
15471,88.158.236.0,24,Romania,,45.9968,24.997,88.158.236.0/24
15471,88.158.237.0,24,Romania,,45.9968,24.997,88.158.237.0/24
15471,88.158.239.0,24,Romania,,45.9968,24.997,88.158.239.0/24
15471,88.158.241.0,24,Romania,,45.9968,24.997,88.158.241.0/24
15471,88.158.243.0,24,Romania,,45.9968,24.997,88.158.243.0/24
15471,88.158.245.0,24,Romania,,45.9968,24.997,88.158.245.0/24
15471,88.158.247.0,24,Romania,,45.9968,24.997,88.158.247.0/24
15471,88.158.249.0,24,Romania,,45.9968,24.997,88.158.249.0/24
15471,88.158.251.0,24,Romania,,45.9968,24.997,88.158.251.0/24
15471,194.153.232.0,24,Romania,,45.9968,24.997,194.153.232.0/24
15471,217.156.68.0,24,Romania,,45.9968,24.997,217.156.68.0/24
15471,217.156.69.0,24,Romania,,45.9968,24.997,217.156.69.0/24
